final_score,best_score
0.891139555983085,0.891139555983085
