final_score,best_score
0.896498637202337,0.896498637202337
