final_score,best_score
0.8799506957317037,0.8799506957317037
